Model,Emission,RMSE
linear_regression,2.1289041409640872e-07,0.28584134822397755
kNN,2.3285178721742434e-06,0.2802645150439625
random_forest,6.922253236417555e-05,0.2788234704400607
extremely_randomized_trees,3.0287017453697385e-05,0.27646605038401734
adaboost,1.261032618349279e-05,0.2859741353636075
xgboost,5.7424851939878925e-06,0.2792421315104177
